label,count,avg_ms,p95_ms,avg_fps,main_ms,gpu_ms,brg_draws,setpass,tris
smr,250,9.11,10.75,109.8,7.62,1.57,0,55,2010673
smr,500,14.40,16.05,69.4,13.08,2.80,0,55,2084101
smr,1000,28.95,35.45,34.5,27.59,3.23,0,55,2300742
smr,2000,62.47,70.19,16.0,60.97,4.93,0,57,2892244
smr,5000,162.84,172.03,6.1,158.29,10.65,0,58,2162925
vat,250,5.24,16.80,190.8,3.92,0.44,1,61,378251
vat,500,3.65,4.04,274.3,2.45,0.52,2,61,429621
vat,1000,3.87,4.40,258.2,2.58,0.49,3,61,525854
vat,2000,3.87,4.27,258.5,2.64,0.55,4,61,724936
vat,5000,4.17,4.78,239.7,2.89,0.81,7,61,1307487
vat,10000,5.06,5.93,197.6,3.34,0.95,12,61,2277882
