label,enemies,avg_ms,p95_ms,avg_fps,main_ms,gpu_ms,SpatialHashSystem_ms,MovementSystem_ms,brg_draws,setpass,tris
cs-naive,1000,85.07,88.54,11.8,83.59,4.93,0.001,0.386,1,55,480197
cs-naive,2000,333.96,343.32,3.0,330.93,8.01,0.001,0.386,5,54,1204173
cs-naive,3000,741.78,761.28,1.3,737.08,13.68,0.001,0.386,8,59,1874688
single,1000,5.06,5.51,197.8,3.97,0.49,0.001,0.407,1,55,432205
single,2000,9.48,10.19,105.5,8.37,0.50,0.001,0.407,2,55,618553
single,3000,16.24,16.84,61.6,15.05,1.24,0.001,0.407,3,55,816079
single,5000,38.30,40.25,26.1,37.01,4.21,0.001,0.388,5,55,1217745
parallel,1000,5.11,16.66,195.7,4.05,0.48,0.001,0.388,1,55,432205
parallel,2000,4.43,5.05,225.9,3.31,0.47,0.001,0.388,2,55,616545
parallel,3000,5.20,5.70,192.3,4.09,0.48,0.001,0.388,3,55,802069
parallel,5000,8.49,9.29,117.7,7.34,0.59,0.001,0.393,5,55,1125746
grid,1000,5.02,16.55,199.4,3.98,0.42,0.001,0.543,1,54,452444
grid,2000,3.32,3.69,301.6,2.30,0.39,0.001,0.543,2,54,657301
grid,3000,3.56,4.08,280.8,2.49,0.41,0.001,0.543,3,54,856585
grid,5000,3.90,4.47,256.1,2.77,0.52,0.001,0.832,5,55,1122026
